orden,id_original,nombre,direccion,barrio,lat,lon,distancia_tramo_km,distancia_acumulada_km
1,14,BAR OVIEDO,Av. Lisandro de la Torre 2407,Mataderos,-34.662711,-58.500062,0.0,0.0
2,10,BAR DEL GLORIAS,Andalgalá 1982,Mataderos,-34.659301,-58.510313,1.01,1.01
3,12,BAR 9 DE JULIO,Larrazábal 1276,Mataderos,-34.650998,-58.502491,1.17,2.18
4,13,BAR OLIMPO,Irigoyen 1491,Monte Castro,-34.626898,-58.518306,3.05,5.22
5,24,CAFÉ DE GARCÍA,Sanabria 3302,Villa Devoto,-34.606356,-58.51059,2.39,7.62
6,87,STYLO CAFÉ,Fernández de Enciso 3934,Villa Devoto,-34.601354,-58.512648,0.59,8.2
7,53,EL TOKIO,Av. Álvarez Jonte 3550,Villa Santa Rita,-34.612407,-58.491572,2.29,10.49
8,40,DON JUAN BAR,Camarones 2702,Villa Santa Rita,-34.611192,-58.478216,1.23,11.72
9,63,LA FARMACIA,Av. Directorio 2400,Flores,-34.633541,-58.460605,2.96,14.68
10,43,EL BUZÓN,Esquiú 1393,Nueva Pompeya,-34.65116,-58.423403,3.93,18.61
11,17,BAR QUINTINO,Carlos Calvo 4002,Boedo,-34.624844,-58.421977,2.93,21.54
12,55,ESQUINA HOMERO MANZI,Av. San Juan 3601,Boedo,-34.625385,-58.416337,0.52,22.06
13,27,CAFÉ MARGOT,Av. Boedo 857,Boedo,-34.623266,-58.416375,0.24,22.29
14,7,BAR DE CAO,Av. Independencia 2400,San Cristóbal,-34.618679,-58.399898,1.59,23.88
15,78,MIRAMAR,Sarandí 1190,San Cristóbal,-34.622663,-58.393748,0.72,24.6
16,64,LA FLOR DE BARRACAS,Suárez 2095,Barracas,-34.641822,-58.379497,2.5,27.1
17,76,LOS LAURELES,Av. Iriarte 2290,Barracas,-34.64945,-58.37943,0.85,27.95
18,50,EL PROGRESO,Av. Montes de Oca 1700,Barracas,-34.646536,-58.372916,0.68,28.62
19,68,LA PERLA,Av. Don Pedro de Mendoza 1899,La Boca,-34.639338,-58.361731,1.3,29.92
20,29,CAFÉ ROMA,Olavarría 409,La Boca,-34.636242,-58.358759,0.44,30.36
21,61,LA BUENA MEDIDA,Suárez 101,La Boca,-34.633746,-58.355061,0.44,30.8
22,15,BAR PORTUARIO,Pinzón 102,La Boca,-34.632174,-58.356024,0.2,31.0
23,4,BAR BOCA A BOCA,Av. Benito Pérez Galdós 207,La Boca,-34.630299,-58.359465,0.38,31.37
24,45,EL ESTAÑO 1880,Aristóbulo del Valle 1100,La Boca,-34.635408,-58.36821,0.98,32.35
25,5,BAR BRITÁNICO,Brasil 399,San Telmo,-34.625306,-58.370839,1.15,33.5
26,49,EL HIPOPÓTAMO,Brasil 401,San Telmo,-34.625331,-58.371288,0.04,33.54
27,16,BAR PLAZA DORREGO,Defensa 1098,San Telmo,-34.620552,-58.371399,0.53,34.08
28,47,EL FEDERAL,Carlos Calvo 595,San Telmo,-34.619619,-58.374145,0.27,34.35
29,28,CAFÉ RIVAS,Estados Unidos 302,San Telmo,-34.618461,-58.370277,0.38,34.72
30,19,BAR SUR,Estados Unidos 299,San Telmo,-34.618388,-58.37003,0.02,34.75
31,18,BAR SEDDON,Defensa 695,Montserrat,-34.615917,-58.371763,0.32,35.07
32,69,LA POESÍA,Chile 502,San Telmo,-34.616062,-58.373267,0.14,35.2
33,9,BAR EL COLONIAL,Av. Belgrano 599,Montserrat,-34.612552,-58.374516,0.41,35.61
34,51,EL QUERANDÍ,Perú 302,Montserrat,-34.611647,-58.374749,0.1,35.71
35,70,LA PUERTO RICO,Alsina 420,Montserrat,-34.610196,-58.372381,0.27,35.98
36,22,CABILDO DE BUENOS AIRES,Perú 86,Montserrat,-34.609028,-58.374846,0.26,36.24
37,73,LONDON CITY,Av. de Mayo 599,Montserrat,-34.608508,-58.37474,0.06,36.3
38,33,CAFÉ TORTONI,Av. de Mayo 825,Montserrat,-34.608824,-58.37813,0.31,36.62
39,11,BAR IBERIA,Av. de Mayo 1196,Montserrat,-34.609258,-58.383303,0.48,37.09
40,74,LOS 36 BILLARES,Av. de Mayo 1265/71,Montserrat,-34.60917,-58.384301,0.09,37.18
41,65,LA GIRALDA,Av. Corrientes 1453,San Nicolás,-34.604052,-58.387286,0.63,37.81
42,83,PETIT COLÓN,Libertad 505,San Nicolás,-34.602403,-58.38376,0.37,38.19
43,37,CONFITERÍA LA IDEAL,Suipacha 384,San Nicolás,-34.603924,-58.37949,0.43,38.61
44,3,BAR BIDOU,Av. Roque Sáenz Peña 858,San Nicolás,-34.605223,-58.378784,0.16,38.77
45,21,BOSTON CITY,Florida 165 local 3,San Nicolás,-34.606125,-58.375033,0.36,39.13
46,82,PAULIN,Sarmiento 635,San Nicolás,-34.604564,-58.375632,0.18,39.31
47,88,THE NEW BRIGHTON,Sarmiento 645,San Nicolás,-34.604575,-58.375796,0.02,39.32
48,72,LE CARAVELLE,Lavalle 726,San Nicolás,-34.602372,-58.377159,0.27,39.6
49,35,CLARIDGE'S BAR,Tucumán 535,San Nicolás,-34.600965,-58.374517,0.29,39.89
50,2,BARBARO BAR,Tres Sargentos 415,Retiro,-34.597887,-58.373198,0.36,40.25
51,84,PLAZA BAR,Florida 1005,Retiro,-34.595775,-58.375112,0.29,40.54
52,56,FLORIDA GARDEN,Florida 899,Retiro,-34.597613,-58.375352,0.21,40.75
53,39,CONFITERÍA SAINT MORITZ,Esmeralda 894,Retiro,-34.597786,-58.3784,0.28,41.03
54,32,CAFÉ THIBON,Montevideo 723,San Nicolás,-34.600414,-58.389571,1.06,42.09
55,1,ALMACÉN Y BAR LAVALLE,Lavalle 1693,San Nicolás,-34.602997,-58.390952,0.31,42.41
56,48,EL GATO NEGRO,Av. Corrientes 1669,San Nicolás,-34.604209,-58.390307,0.15,42.55
57,34,CELTA BAR,Sarmiento 1702,San Nicolás,-34.605579,-58.390932,0.16,42.72
58,57,HOTEL SAVOY / BAR IMPERIO,Av. Callao 181,San Nicolás,-34.607022,-58.392003,0.19,42.9
59,26,CAFÉ DE LOS ANGELITOS,Av. Rivadavia 2100,Balvanera,-34.609527,-58.396007,0.46,43.36
60,59,LA ACADEMIA,Montevideo 341,San Nicolás,-34.604902,-58.392357,0.61,43.98
61,66,LA ÓPERA,Av. Corrientes 1799,San Nicolás,-34.604335,-58.392047,0.07,44.05
62,75,LOS GALGOS,Av. Callao 501,San Nicolás,-34.602955,-58.392326,0.16,44.2
63,77,MAR AZUL,Tucumán 1700,San Nicolás,-34.601939,-58.391132,0.16,44.36
64,20,BAR VIA 71,Viamonte 1771,San Nicolás,-34.600753,-58.392349,0.17,44.53
65,36,CLÁSICA Y MODERNA,Av. Callao 892,San Nicolás,-34.599001,-58.393113,0.21,44.74
66,58,JOSEPHINA'S CAFÉ,Guido 1532,Recoleta,-34.592512,-58.38697,0.91,45.65
67,8,BAR DEL ALVEAR PALACE HOTEL,Av. Alvear 1891,Recoleta,-34.587677,-58.388996,0.57,46.22
68,60,LA BIELA,Av. Pte. M. Quintana 600,Recoleta,-34.587834,-58.390761,0.16,46.38
69,31,CAFÉ TABAC,Av. del Libertador 2300,Recoleta,-34.580905,-58.404473,1.47,47.86
70,89,VARELA VARELITA,Av. Scalabrini Ortiz 2102,Palermo,-34.58764,-58.420109,1.62,49.47
71,23,CAFÉ CORTÁZAR,José Antonio Cabrera 3797,Palermo,-34.596464,-58.419818,0.98,50.45
72,86,ROMA DEL ABASTO,Anchorena 806,Balvanera,-34.599397,-58.408726,1.07,51.52
73,41,EL BANDERÍN,Guardia Vieja 3601,Almagro,-34.601649,-58.415489,0.67,52.19
74,52,EL SÍMBOLO,Av. Corrientes 3787,Almagro,-34.603404,-58.417844,0.29,52.48
75,67,LA ORQUÍDEA,Av. Corrientes 4101,Almagro,-34.602917,-58.42267,0.45,52.92
76,42,EL BOLICHE DE ROBERTO,Bulnes 331,Almagro,-34.607009,-58.418597,0.59,53.51
77,71,LAS VIOLETAS,Av. Rivadavia 3899,Almagro,-34.611314,-58.420777,0.52,54.03
78,85,PLAZA CAFÉ,Av. Rivadavia 4732,Caballito,-34.616452,-58.432096,1.18,55.21
79,44,EL COLECCIONISTA,Av. Rivadavia 4929,Caballito,-34.617422,-58.434687,0.26,55.47
80,38,CONFITERÍA EL GRECO,Av. Rivadavia 5353,Caballito,-34.620162,-58.440853,0.64,56.12
81,54,EL VIEJO BUZÓN,Neuquén 1100,Caballito,-34.615898,-58.448852,0.87,56.99
82,30,CAFÉ SAN BERNARDO,Av. Corrientes 5436,Villa Crespo,-34.597863,-58.441098,2.13,59.12
83,79,MONTECARLO BAR Y DESPENSA,Paraguay 5491,Palermo,-34.577099,-58.43385,2.4,61.52
84,6,BAR CONDE,Av. Federico Lacroze 3193,Colegiales,-34.577801,-58.449427,1.43,62.95
85,80,MUSEO FOTOGRÁFICO SIMIK,Av. Federico Lacroze 3901,Chacarita,-34.584401,-58.453574,0.83,63.77
86,81,OCHO ESQUINAS,Av. Forest 1186,Chacarita,-34.578517,-58.460138,0.89,64.66
87,90,WATSON'S,Vuelta de Obligado 2072,Belgrano,-34.561811,-58.455426,1.91,66.57
88,62,LA ESCUELA,Manuela Pedraza 2803,Núñez,-34.553649,-58.469955,1.61,68.18
89,25,CAFÉ DE LA U,Av. Triunvirato 4801,Villa Urquiza,-34.573373,-58.487403,2.71,70.89
90,46,EL FARO,Av. de los Constituyentes 4099,Parque Chas,-34.584925,-58.488592,1.29,72.18
